filename,spearman_2011,spearman_2012,spearman_2013,spearman_2014,spearman_2015,spearman_2016,spearman_2017,spearman_2018,spearman_2019,spearman_2020,spearman_2021,spearman_2022,spearman_2023,spearman_2024,spearman_random
A0A192B1T2_9HIV1_Haddox_2018_with_scoresandembeddings_allyears.csv,0.4540521026348557,0.4817132772730544,0.4679078580336498,0.48154238780488173,0.4421059205167014,0.4470035852592245,0.48247547783841693,0.48201875885584305,0.4744199852784419,0.4777789466321564,0.47380418975569116,0.48197497665305933,0.4754006433110047,0.47758098905066915,-0.010725544595255446
A0A1I9GEU1_NEIME_Kennouche_2019_with_scoresandembeddings_allyears.csv,0.052805612305918834,0.052396132989174365,0.06176082618111124,0.029316339136070558,0.040706388603377476,0.06941369916856764,0.07582376591519481,0.06797061637891044,0.06908062706540442,0.04107442971497966,0.02942335947674081,0.03453524219652753,0.06752783694369102,0.06050046646094317,-0.0016256144779935088
A0A247D711_LISMN_Stadelmann_2021_with_scoresandembeddings_allyears.csv,0.2102653737077181,0.1407244569607733,0.17492792554206585,0.1465223712686369,0.14179450922106784,0.13296502101671,0.18975169082243853,0.15992270345600673,0.12395545910036919,0.14078286486386266,0.12588531575745962,0.17865748473869633,0.13026734642248142,0.1558476667568473,0.020329115842304468
A0A2Z5U3Z0_9INFA_Doud_2016_with_scoresandembeddings_allyears.csv,0.4586040027659385,0.4731169881877505,0.4648943857493365,0.47999667131948637,0.46901951019899973,0.48434783622742883,0.4732932600754682,0.48724261775027805,0.49608093078601534,0.47389173053498923,0.5075333511733985,0.48470243564118864,0.5011660478523668,0.4749839859914383,0.006286628786866288
A0A2Z5U3Z0_9INFA_Wu_2014_with_scoresandembeddings_allyears.csv,0.45833105932849416,0.472905443264408,0.4719869473520364,0.46969322644952627,0.4681698551246506,0.46749594945095607,0.47373582279958126,0.46435588248085263,0.4697563828722791,0.44870290709168764,0.4783032174150666,0.4499796789391516,0.4755496365630371,0.46483452244965223,-0.01587260727163921
A4D664_9INFA_Soh_2019_with_scoresandembeddings_allyears.csv,0.17576420152062514,0.22192361863446067,0.16736048686820107,0.222482442550471,0.20340046039314072,0.22835421621220753,0.16854291646558348,0.21690314150966197,0.2552842325404627,0.25430987429453733,0.2533998651289006,0.26773905385728425,0.2535368240692524,0.25521904615639446,-0.0034195895940011154
A4GRB6_PSEAI_Chen_2020_with_scoresandembeddings_allyears.csv,0.5088051142454488,0.5440526793878593,0.5553233464620112,0.5739420097696031,0.548361573186915,0.5559819252773456,0.5287705089426713,0.5611534278900872,0.49884612181293986,0.4723556133108375,0.5342266689253701,0.49355211109676805,0.4985019187750808,0.49267466096374213,0.007400484137784517
A4_HUMAN_Seuma_2022_with_scoresandembeddings_allyears.csv,0.4437643496186863,0.4019723635970622,0.39484512135917765,0.46187344077541337,0.17373373694203012,0.2587369337405022,0.3059350389115776,0.3118945028090953,0.3777502364821922,0.2855847109306749,0.39923046295325215,0.3571638956631995,0.3855340856616423,0.21063382221735635,0.001965838254929803
AACC1_PSEAI_Dandage_2018_with_scoresandembeddings_allyears.csv,0.263683997162106,0.19502354189877036,0.2342815065099547,0.2245954550199393,0.2512895117988357,0.24687844576599638,0.18313562201039663,0.24903002193415483,0.22061749640529119,0.27735197025759306,0.2507699557222905,0.21229530200823907,0.2907056578481081,0.20752926203758196,-0.03189527010413258
ACE2_HUMAN_Chan_2020_with_scoresandembeddings_allyears.csv,0.027284574829946596,0.08272072770003863,0.09932661515284281,0.11681326444721406,0.07189643188954593,0.11171009672805246,0.09792003894596209,0.09798079356067081,0.12179920337306237,0.09040630472378865,0.10275444601518505,0.04046128000799654,0.11366698114485806,0.07841168982848373,-0.0037247200384850766
ADRB2_HUMAN_Jones_2020_with_scoresandembeddings_allyears.csv,0.44599064455067206,0.46804367814789494,0.46443757785601186,0.4814369652272882,0.49766505124017235,0.5039084192284443,0.5034662658174953,0.5236457701413954,0.5268464156001491,0.5081367417848662,0.5387618734999682,0.5085405162662184,0.5260335540449498,0.5116368393976599,0.026254091211883858
AICDA_HUMAN_Gajula_2014_3cycles_with_scoresandembeddings_allyears.csv,0.25672026621997385,0.22618519282307079,0.2469587792208734,0.24909620146511638,0.06316153883779434,0.434761815689414,0.3576731726736712,0.09177626659991302,0.25113494308866485,0.2609273500155829,0.3505194855441242,0.13981070339997498,0.2978950841401585,0.33333392651477384,0.11943447096816893
AMFR_HUMAN_Tsuboyama_2023_4G3O_with_scoresandembeddings_allyears.csv,-0.009034370866913052,-0.3228357179223388,0.05205482279841963,-0.16691426614149693,0.0663624432331497,-0.06151240494081518,-0.0593173658937623,0.02712898175919268,-0.11980426716222421,-0.14766007146293478,-0.32702135713111047,-0.20848628948743506,-0.14633275661236658,-0.14587158711892043,0.007682291160912723
AMIE_PSEAE_Wrenbeck_2017_with_scoresandembeddings_allyears.csv,0.5734744888188809,0.5420593744845223,0.5522190023918969,0.5538894636831715,0.5629011768120019,0.5711002388864107,0.5686041308892594,0.5463626517843255,0.5564212417401481,0.5347546795477546,0.5733200488905308,0.5477025563382387,0.5641503044167877,0.5285321733577578,-0.012260798957467255
ANCSZ_Hobbs_2022_with_scoresandembeddings_allyears.csv,0.5169138101369681,0.49025479136568323,0.5053547983591106,0.5298716334106414,0.5123988256263848,0.4959897263478705,0.518681645774046,0.5419684796926452,0.5241913809098413,0.5267800992762863,0.5122752195106653,0.5280516367527306,0.5102363779393682,0.5253305046790099,-0.003711275304300183
ARGR_ECOLI_Tsuboyama_2023_1AOY_with_scoresandembeddings_allyears.csv,0.35789723940198864,0.4505263033223003,0.24939117501156857,0.39990889044239514,0.41368624561164224,0.32511108023313046,0.3507523596812956,0.23092868946965958,0.42599629392177907,0.29290246556262056,0.39314831886556817,0.4708821505089002,0.4015205701750869,0.4509637532661402,-0.04645830311865879
B2L11_HUMAN_Dutta_2010_binding-Mcl-1_with_scoresandembeddings_allyears.csv,0.36133267383565076,0.1833708880624813,0.3569115967782317,0.0376536538003554,0.16529820897527497,0.16326353649525835,0.5028657616892912,0.40600778329877524,0.22922307509113896,0.33703140552390376,0.2443060313505658,0.30692411502128103,0.3231015462177471,0.09417993295106894,-0.011095437863716027
BBC1_YEAST_Tsuboyama_2023_1TG0_with_scoresandembeddings_allyears.csv,0.3658640307480125,0.3914875859887772,0.378548503437769,0.38837565921710565,0.4170300801916682,0.2653051358012662,0.3596695053777811,0.33007772790922957,0.3591202636654626,0.4545577140885649,0.31753266316175244,0.4220670913252059,0.30026750983120265,0.46959881881848725,0.027292360795565896
BCHB_CHLTE_Tsuboyama_2023_2KRU_with_scoresandembeddings_allyears.csv,0.11853451793641673,0.18975281710773798,0.14187748885312476,0.06799679935102937,0.0903106772912852,0.23382415027284337,0.14601433783425527,0.11753431297324035,0.19587661266685,0.03545579107628483,0.19118641533839842,0.10191323308069761,0.09168973068904923,0.22660240879826044,0.0020998843360780822
BLAT_ECOLX_Deng_2012_with_scoresandembeddings_allyears.csv,0.2586532027733087,0.25799962715694214,0.30391897023139214,0.26097987754903346,0.2240983883756781,0.3510124550049817,0.35170185101679435,0.3886852791009063,0.4091854825577605,0.46878187109915154,0.43583597205853436,0.4178509694811188,0.4574669637567332,0.46921586097640405,-0.010581932961939962
BLAT_ECOLX_Firnberg_2014_with_scoresandembeddings_allyears.csv,0.26675572556449484,0.2643840482539064,0.3269631105681451,0.31864194740064716,0.2747880483489178,0.4031064276870907,0.44264381054152985,0.502724769754102,0.5108401901711096,0.6143515246673233,0.5401171651855062,0.5941327106017873,0.6132287684729139,0.6502050805042839,-0.027811677299983215
BLAT_ECOLX_Jacquier_2013_with_scoresandembeddings_allyears.csv,0.30922070638216975,0.3184460050936311,0.31284839405649123,0.32300282074055303,0.29274683803034146,0.4053440202997558,0.48864782058019324,0.4695627877588218,0.4990641863893786,0.6240625674005079,0.561063634664934,0.5976544076090357,0.6172171764742951,0.6341906783513258,-0.009105519461679363
BLAT_ECOLX_Stiffler_2015_with_scoresandembeddings_allyears.csv,0.27630417698532583,0.2742897279203111,0.3343815295222067,0.3270709362784014,0.27462976733063543,0.4074211865224979,0.45255258206905924,0.5026210117621739,0.5170188745809043,0.6092430799337748,0.5407941370544714,0.5916621517900482,0.6182079154548092,0.6475897793978656,0.01981040845022164
BRCA1_HUMAN_Findlay_2018_with_scoresandembeddings_allyears.csv,-0.11413908244642886,-0.08083144805357394,-0.0870657333358496,-0.10006005941782613,-0.01644580247799378,-0.10509305265203463,-0.12831999362666852,-0.043173729579078786,-0.1198971353107564,0.04185067460229182,0.025519085424873397,0.031492321932209764,0.0031735132634467256,0.026374610008968017,0.018313805607872668
C6KNH7_9INFA_Lee_2018_with_scoresandembeddings_allyears.csv,0.2870435759081639,0.3020717268407313,0.31951208482679405,0.29698219982721163,0.25902056738456547,0.3205792514198345,0.3077356582478806,0.29991833663722534,0.3042789549584034,0.33863906307855307,0.32973352576449894,0.3506268659861731,0.3291989031961154,0.33160016875267767,0.006255492873468439
CALM1_HUMAN_Weile_2017_with_scoresandembeddings_allyears.csv,0.23102359690508706,0.257495843228238,0.25538266241741137,0.2640318616921481,0.2699185698750967,0.23339915481924575,0.23926891382180296,0.2415951761250945,0.2586182118187666,0.2411612698373365,0.251879723894741,0.2502448477380045,0.2446209244295426,0.23893540388927428,0.023117390203713853
CAPSD_AAV2S_Sinai_2021_with_scoresandembeddings_allyears.csv,0.47688460276395095,0.4624349682620478,0.530877084017636,0.482546831103807,0.3021407546104841,0.30661365856195033,0.28769640442542116,0.12195597262351417,0.12378351071026705,0.13814438582356578,0.14500327515281197,0.23111244826134267,0.15053339010760192,0.20604983175542047,-0.003911102174491911
CAR11_HUMAN_Meitlis_2020_gof_with_scoresandembeddings_allyears.csv,0.023082241238009584,0.015053220253411386,0.02643671179713201,0.07242282711468234,-0.03957116239395025,-0.01298653418752122,0.04611975819990477,-0.010619843723385878,-0.007276037282831775,0.043011940045178894,-0.08332270363588319,-0.024772508793276707,-0.055984901647782866,0.059535687681450254,0.002038297763330126
CAR11_HUMAN_Meitlis_2020_lof_with_scoresandembeddings_allyears.csv,0.06042103902340182,0.0033315638338375668,0.043736422922197586,0.07242897779378034,-0.02147240455024325,0.015417992500695098,0.09324780955851461,0.009318500545062528,-0.01098902143745979,0.09242042484819787,-0.05695208470969819,0.0014559958004839574,-0.01455497464367759,0.07985399114034192,-0.013851988232961247
CAS9_STRP1_Spencer_2017_positive_with_scoresandembeddings_allyears.csv,0.030666657323609646,0.08391478701202587,0.006428627470522759,0.04799898380047896,0.02797572853242507,0.06901759051358207,0.05759423817611451,0.05743533310709771,0.08232174856692924,0.009307496645607231,0.07949536701626107,0.007893899547915228,0.08318339136706009,0.07054853284223649,-0.013949900293857002
CASP3_HUMAN_Roychowdhury_2020_with_scoresandembeddings_allyears.csv,0.5865523431386946,0.5489922408006284,0.5685865303014968,0.5474391579660377,0.5757638647935823,0.5618446001356185,0.6036844429913769,0.5735479150358547,0.5751710404397367,0.5746223076886618,0.6017475820249516,0.5826463815529539,0.5603943245688713,0.593293601694761,-0.010166741365912384
CASP7_HUMAN_Roychowdhury_2020_with_scoresandembeddings_allyears.csv,0.5706622906865502,0.5685609441829457,0.5581783519712552,0.5448534008940958,0.5685349905381941,0.554361120599356,0.5506265693020117,0.5557772465346188,0.552334244106152,0.5637091086159121,0.5898806830643009,0.5684941940836428,0.5882779068623878,0.5454004232182325,0.004483247863152689
CATR_CHLRE_Tsuboyama_2023_2AMI_with_scoresandembeddings_allyears.csv,0.6180242569849368,0.6312746833964856,0.5943705195583887,0.6417660838517748,0.6314939191734353,0.6311607761751493,0.6185372721158794,0.6555013044305417,0.5264547504356502,0.6190083056045251,0.664134385426393,0.6339171809401519,0.6609400390480882,0.676874769341902,0.008268145111608083
CBPA2_HUMAN_Tsuboyama_2023_1O6X_with_scoresandembeddings_allyears.csv,0.5756363654160488,0.21373186263465416,0.23652935305159534,0.5165709737892905,0.45243995621282995,0.39860960655310074,0.36468563954554317,0.5519331979615589,0.3698681755958118,0.19043843310870845,0.4263523571814689,0.32641039112402426,0.4511523915196813,-0.30400709597106346,0.02366458595310689
CBS_HUMAN_Sun_2020_with_scoresandembeddings_allyears.csv,0.3272297244797462,0.3529796882771461,0.31374903246443314,0.3453018528501982,0.33748224173480207,0.3350106883286838,0.34693587611477933,0.3595249193843789,0.3332797081119472,0.3612824986142412,0.3663416047952303,0.3210259439787935,0.34691068265432945,0.33538154913229995,-0.013496134540553024
CBX4_HUMAN_Tsuboyama_2023_2K28_with_scoresandembeddings_allyears.csv,0.6536914549534688,0.5862474734297983,0.6590017360698318,0.668089642050823,0.6299832166409426,0.5952055995249641,0.6724077665606861,0.5645983768167234,0.6364891166579663,0.6623914156469136,0.6191421135671581,0.6398903382236131,0.5948382222675779,0.5724889545176435,-0.019138293805116696
CCDB_ECOLI_Adkar_2012_with_scoresandembeddings_allyears.csv,0.08986031831256054,0.09054457271595143,0.12743433153711015,0.3328914127128674,-0.04364069850138136,0.10459134529725543,0.16978287773493225,0.07607361997750754,0.07125174517686475,0.3988841574908042,0.14048655917679218,0.15307714833279687,0.2583823904015459,0.29889839827211606,-0.01579593712396235
CCDB_ECOLI_Tripathi_2016_with_scoresandembeddings_allyears.csv,0.15825747594113143,0.11369129355407095,0.2666489470610455,0.4398211085147089,-0.030898799402009833,0.12253603524193478,0.14727470170110324,0.12575292249723222,0.089463696909996,0.4856615258261211,0.2626741197911365,0.22266274432734032,0.3671644629155947,0.38371201431590607,-0.024461214203232075
CCR5_HUMAN_Gill_2023_with_scoresandembeddings_allyears.csv,0.24560054953522542,0.22829416698701538,0.26018765621302414,0.26215519142520255,0.23896511753874797,0.24348515034005458,0.27401080077180756,0.28812632771145097,0.30039459855554546,0.3048687178794487,0.3116266856984007,0.31115958582747094,0.3003709981435453,0.3006255724603705,0.011665665368785962
CD19_HUMAN_Klesmith_2019_FMC_singles_with_scoresandembeddings_allyears.csv,0.13440598911992027,0.12910170737304894,0.07073133637830105,0.137788772218499,0.10146405916551342,0.055302572773993156,0.07288988864694092,0.04553286887766672,0.07116572851145718,0.06557148316509988,0.09272867435005845,0.1256084544211833,0.09378250866689897,0.07807154735984347,0.018580069328535315
CP2C9_HUMAN_Amorosi_2021_abundance_with_scoresandembeddings_allyears.csv,0.5430426601263099,0.5228057187518996,0.5184673674600119,0.5240487139803762,0.5335496146958666,0.5412416681462254,0.5644299035069021,0.5776454081738327,0.5648511162663292,0.5750897647249261,0.5848108448140742,0.5467064018663397,0.5483051047356468,0.5907271473996599,-0.000930144612269191
CP2C9_HUMAN_Amorosi_2021_activity_with_scoresandembeddings_allyears.csv,0.5525028299806769,0.5470795889770165,0.5271297842362463,0.5391103809380235,0.5493455032142468,0.5444679972143669,0.5743519526789287,0.5949073913350854,0.5904443621140616,0.6085038550397286,0.6071547200511912,0.5645644744065902,0.57266044812789,0.6156209714071819,0.017757033687123138
CSN4_MOUSE_Tsuboyama_2023_1UFM_with_scoresandembeddings_allyears.csv,0.5470975635051885,0.36428318950206384,0.5220832923312273,0.44720114187942556,0.49592995786757466,0.6483135290770901,0.4595744040974018,0.5648937374852352,0.49664090957411444,0.6041689238468576,0.12175164158192209,0.6429972539151073,0.5715760684590764,0.6720552643318264,-0.00972373304460793
CUE1_YEAST_Tsuboyama_2023_2MYX_with_scoresandembeddings_allyears.csv,0.21870733422453195,0.35527740591260676,0.23539943581088418,0.15354083753424952,0.16553537094147644,0.23555164725261532,0.31865157278058864,0.18024081394200267,0.20092832972380126,0.20591652652822878,0.17922713602007156,0.23286635844848064,0.25908387037004643,0.3018646247210892,0.00025164855052153834
D7PM05_CLYGR_Somermeyer_2022_with_scoresandembeddings_allyears.csv,0.21234786140558137,0.3437664666571913,0.27946994925199026,0.12559449933279676,0.11761117846469164,0.132520386120472,0.14159445332943799,0.13780778176841976,0.12857940012230182,0.07406533212796385,0.19044365642346558,0.09034563283790675,0.049175463822688545,0.04301405981392276,-0.0013391583551894068
DLG4_HUMAN_Faure_2021_with_scoresandembeddings_allyears.csv,0.618079563871749,0.6016171016385896,0.6622327457255138,0.5716870618785121,0.6381623671907467,0.6084834391543652,0.5599265643981296,0.5308250002547054,0.5947935812422744,0.6196151744276989,0.6632910318404774,0.6469546283632243,0.6079710802242672,0.6109812491407626,-0.015572739714765062
DLG4_RAT_McLaughlin_2012_with_scoresandembeddings_allyears.csv,0.5025719820038695,0.4874463729835207,0.4880929684338138,0.4998712199156577,0.49195248457063306,0.4912351442998558,0.4953329975152658,0.5129635699352673,0.5138724718394336,0.47760624092552256,0.479179501792093,0.47590653746180206,0.46821354467928494,0.5107436097829818,-0.01705352312466035
DN7A_SACS2_Tsuboyama_2023_1JIC_with_scoresandembeddings_allyears.csv,0.10687059454638412,0.05407848022922087,0.06700638497096843,0.14714188841777384,0.06985107738210646,-0.050469106558227526,0.0032989377635868765,0.06058025080213977,0.10355681129597656,0.014901945612518645,0.1356462222781128,0.18930731141858795,0.15115465749850623,0.17395213475804852,-0.06223720051479747
DNJA1_HUMAN_Tsuboyama_2023_2LO1_with_scoresandembeddings_allyears.csv,0.7981947758755542,0.7756794811557349,0.7774740141791426,0.7776050788555134,0.6886061194555856,0.7971196973618851,0.8106834996258778,0.695716798388897,0.806235490181928,0.7345038849461886,0.7350531969922224,0.7400220355190512,0.762978227787481,0.792028155814313,-0.004342219736627495
DOCK1_MOUSE_Tsuboyama_2023_2M0Y_with_scoresandembeddings_allyears.csv,0.35115284137028824,0.36240983828753937,0.23984822912165085,0.36524870831413064,0.2728877850528428,0.3325333158259952,0.27669296579022135,0.2949016378679535,0.26762439571873187,0.3162200177531405,0.3504124996619378,0.33415546210767805,0.421711404998612,0.2273095738281771,-0.016376997328926068
DYR_ECOLI_Nguyen_2023_with_scoresandembeddings_allyears.csv,0.314047507292231,0.3084913729736422,0.2814351944025946,0.2865172458435718,0.32736315314876946,0.3382641076473426,0.3430613133937243,0.3734725203662397,0.3251854369830095,0.3694107285331667,0.41387392947445084,0.404068206922742,0.44624835368666166,0.39399212744417716,-0.014657145888485646
DYR_ECOLI_Thompson_2019_with_scoresandembeddings_allyears.csv,0.34539756868227667,0.33790442151576894,0.3024478668484076,0.3034044308548353,0.337436270745714,0.3473098588519916,0.3909125644063007,0.3695613795752727,0.34821265680826324,0.3753542150358665,0.4388622223157404,0.3988531764535531,0.46004457716370345,0.4076076728155085,0.030538941456817875
ENVZ_ECOLI_Ghose_2023_with_scoresandembeddings_allyears.csv,0.18658918506213354,0.2282513063629509,0.19939233813205412,0.23165740589857411,0.2166661902677237,0.2364997852405637,0.17745531673359163,0.21556521212179044,0.20730128390184643,0.1853125339235886,0.22081604411951372,0.21660865965304643,0.20416336693002257,0.17569891064878157,-0.016758213736051124
ENV_HV1B9_DuenasDecamp_2016_with_scoresandembeddings_allyears.csv,0.3696760777100263,0.37603453484700106,0.3570048192691909,0.4122760440890703,0.40595891629728376,0.35910214121880707,0.38671663353637103,0.3850286201155465,0.37024785724593495,0.38500869550009764,0.4021150594848962,0.3748973516521275,0.3634517416987585,0.3852016796325878,0.03176609904742669
ENV_HV1BR_Haddox_2016_with_scoresandembeddings_allyears.csv,0.284500455848408,0.2765613352643345,0.27962588246912584,0.3200186740876691,0.3143240919952968,0.31542668269086754,0.3390512527071364,0.32955432402140145,0.32486335619420703,0.3236050577424962,0.31709172361024335,0.306573168858966,0.3173098960467158,0.3273749050214507,-0.004282212819762841
EPHB2_HUMAN_Tsuboyama_2023_1F0M_with_scoresandembeddings_allyears.csv,0.38863967357769685,-0.1566340186715865,0.5895935378592329,0.7465347343697258,0.3852634144499293,0.7480758230617186,0.573438236255097,0.562836162535502,0.523057231230079,0.6800725501628322,0.6090472631231088,0.5326316425814173,0.7882743145636703,0.6278873848990079,-0.02986309575140722
ERBB2_HUMAN_Elazar_2016_with_scoresandembeddings_allyears.csv,0.5253640632100777,0.5898583760985161,0.5309856782824655,0.5221213581451659,0.5292263682764136,0.5247878412389237,0.5280533608346828,0.5243867517510273,0.5303865145251528,0.49497737550295023,0.5173295020852587,0.5602130831200474,0.5511741955372383,0.5392369341766069,-0.11077724509885184
ESTA_BACSU_Nutschel_2020_with_scoresandembeddings_allyears.csv,0.25294755646982026,0.28071945666457643,0.36639953509784656,0.31117656703912255,0.3289407414432664,0.3084259958620009,0.2766755282640961,0.2796320734715228,0.30314988161966355,0.26579903596853405,0.2849320764183092,0.2918328500843725,0.24336033328797968,0.2734137991117735,-0.03326284516073785
F7YBW8_MESOW_Aakre_2015_with_scoresandembeddings_allyears.csv,0.03799334968992316,0.216429287077136,0.12152313928632681,-0.00876592169080975,0.04003824270111418,-0.06879385684030788,0.24002231087630238,0.04271317307213842,0.1287345599987956,-0.007195292191745621,0.07597917831347437,0.07906405864004197,0.1637059386051105,0.05764078702544973,0.004506051136617811
F7YBW8_MESOW_Ding_2023_with_scoresandembeddings_allyears.csv,0.3066274124525365,0.3487243340372593,0.29090477013792104,0.4477569262973287,0.35552371828522755,0.3892687644579071,0.3251838722205103,0.39765020637417486,0.38160201211414096,0.37991106679217435,0.3406514448649686,0.4634633235105624,0.3489754602603556,0.46417473207926097,-0.008301236163837355
FECA_ECOLI_Tsuboyama_2023_2D1U_with_scoresandembeddings_allyears.csv,-0.17085714190857973,0.05034873584157407,0.12541510832682423,0.17459172911796572,0.11944404352352514,0.021574516899795535,0.015897355050429808,0.11686177853987786,0.07058977916686383,0.14446968417329828,0.4663339356127521,0.1063273847582072,0.1878284171859745,0.290524792180421,0.02845992717556219
FKBP3_HUMAN_Tsuboyama_2023_2KFV_with_scoresandembeddings_allyears.csv,0.3607856129773453,0.2607509336663243,0.30597163495624546,0.22675596337504875,0.24333202147965843,0.25548875449690867,0.21837896448695915,0.25883406455452673,0.24742991152313296,0.22741516080488963,0.14652686009943056,0.2207067916378069,0.16575990929485165,0.06192363975367018,-0.013893799909161463
GAL4_YEAST_Kitzman_2015_with_scoresandembeddings_allyears.csv,0.3650566493767864,0.303974801971484,0.3412877885575058,0.32769778610577643,0.29266477597423046,0.31981826670024754,0.31838027567054344,0.31291801670363373,0.3244537007013241,0.3201591800165852,0.3152377226632958,0.2877134830051491,0.2836113479614266,0.29568854019129215,0.025706546892748927
GCN4_YEAST_Staller_2018_with_scoresandembeddings_allyears.csv,0.09437385187265133,-0.0028032088306396354,0.08019028055367072,0.12037920934871718,0.08423565883134435,0.15990516754835402,0.04838318066727166,0.14084172073041473,0.08270250986757395,0.07614626317069413,0.14185686557047342,0.16995721145659587,0.05130540701901638,0.07618315124399797,0.0048093147625869305
GDIA_HUMAN_Silverstein_2021_with_scoresandembeddings_allyears.csv,0.4257412090157497,0.4236733938178357,0.4215871896766473,0.41061641409427974,0.42731458501509983,0.4252415732773645,0.40587822917726424,0.41390332725471407,0.3997915177984855,0.4197478940324779,0.39507855265932695,0.4283506243279748,0.43624165957078787,0.3835442734190921,-0.03310165568331855
GFP_AEQVI_Sarkisyan_2016_with_scoresandembeddings_allyears.csv,0.5828867202209989,0.5037129109214135,0.32398846269306686,0.6053973840133668,0.11007912675797692,0.12010427445343368,0.05358435068519467,-0.03152131498676735,0.017701083225039615,-0.03293385612456057,0.16533160700147723,0.19695851406634557,0.08083414671331067,0.11546781610303451,-0.01825767077979088
GLPA_HUMAN_Elazar_2016_with_scoresandembeddings_allyears.csv,0.38350374136059867,0.47102546736407486,0.3550587928094069,0.4215709634513543,0.23712474193995875,0.44745367159258753,0.4453973512635762,0.3894670703147313,0.38009041281446615,0.31898750703800116,0.3529241364678619,0.40124276819884297,0.45990501758480284,0.3359480697516912,0.05404858464777356
GRB2_HUMAN_Faure_2021_with_scoresandembeddings_allyears.csv,0.6464682145424708,0.6331972486405547,0.5457874059587519,0.5841894207229753,0.6232052105665711,0.6175991289412122,0.5589450416220716,0.630754613689701,0.6626928735443935,0.6110611363832933,0.5915821662132796,0.6058550867423863,0.5844586722583115,0.6160433535919645,0.020196828308416515
HCP_LAMBD_Tsuboyama_2023_2L6Q_with_scoresandembeddings_allyears.csv,0.30545804701078805,0.33776904614222647,0.1771838723030788,0.2902320901383401,0.3054874282191556,0.32482285928809373,0.275682319252555,0.16072012228241597,0.23601580053804957,0.2802325741445853,0.3180031067144558,0.2566287981780223,0.3300904823021921,0.3228011694021915,-0.021928911233773763
HECD1_HUMAN_Tsuboyama_2023_3DKM_with_scoresandembeddings_allyears.csv,0.25907219130808334,0.3036530220197794,0.18144633828651419,0.34946356735816403,0.23840550364258484,0.24543614143475825,0.37547169284983634,0.3173925896867259,0.30476700459432415,0.2955648363780815,0.20309376334560555,0.282716902648358,0.3686652231932084,0.3380248440397352,-0.010498926663156657
HEM3_HUMAN_Loggerenberg_2023_with_scoresandembeddings_allyears.csv,0.3823381529650826,0.37559766519823656,0.3637208223814706,0.3638763386817204,0.3522671678149838,0.3553378486753955,0.39545044339788943,0.37835254802175294,0.3879461408596443,0.38533929044106363,0.38665033409596156,0.38290863263782315,0.39608088836571137,0.3645964438070227,0.0054299017280378505
HIS7_YEAST_Pokusaeva_2019_with_scoresandembeddings_allyears.csv,0.7616576232231926,0.6812240513380579,0.7961317295328397,0.7822237110330198,0.7788252674507822,0.7952616548974171,0.7195189819532527,0.7268285444118966,0.7565147031263451,0.7935441333219715,0.7562318767878543,0.7659998159988728,0.7098968843362601,0.7228830336242744,0.013141098235281605
HMDH_HUMAN_Jiang_2019_with_scoresandembeddings_allyears.csv,0.48494585070115104,0.4434829382510145,0.5236779037372677,0.5103200186112643,0.5117563557259872,0.5126540111186694,0.5017907347084993,0.44474916211130194,0.4829269007946368,0.5024982311563213,0.49868925232179273,0.42394980903152485,0.28230436905279266,0.3368797791943078,0.0009844472383484881
HSP82_YEAST_Cote-Hammarlof_2020_growth-H2O2_with_scoresandembeddings_allyears.csv,0.39566981027687553,0.4176169250054117,0.3739173052750805,0.3754090003940997,0.41765372796342115,0.3889979725623121,0.42889801985588033,0.3910366891400783,0.38577486738347616,0.367013696674033,0.4276307788025575,0.3716987359750793,0.40501183489949716,0.4024822216769513,-0.009187221483332892
HSP82_YEAST_Flynn_2019_with_scoresandembeddings_allyears.csv,0.3498436921688744,0.3452690315066403,0.3436998824957797,0.32225086064922054,0.3436595802859484,0.3435319422481259,0.37219275063385704,0.3479474622055878,0.3440349643151096,0.3427299144681689,0.34696278793001784,0.35480119510686403,0.33623415965198067,0.35356177610103096,-0.005600499623022788
HSP82_YEAST_Mishra_2016_with_scoresandembeddings_allyears.csv,0.4567379329502532,0.45577552499169693,0.42031048094032836,0.4657511341270567,0.4527171353381105,0.42109572578760024,0.47191217220421017,0.44457755757318734,0.49069472330793146,0.4785343810248349,0.4834028048759531,0.44712851942824544,0.47365521364400526,0.4692349121349638,-0.021486941876136513
HXK4_HUMAN_Gersing_2022_activity_with_scoresandembeddings_allyears.csv,0.3810252045851644,0.3203173004469406,0.3981912420873827,0.39179067775866905,0.43346718761266634,0.4089675134014247,0.4458932055230774,0.47751539303388174,0.4590747705439188,0.466875296470771,0.4740495819511236,0.4445394980641825,0.4703962309381336,0.44890100774155145,-0.004121881377950868
HXK4_HUMAN_Gersing_2023_abundance_with_scoresandembeddings_allyears.csv,0.3169562456487142,0.2951672347797323,0.3138006732503006,0.3294485805959404,0.33582623046228055,0.35548508154051606,0.3530043937420621,0.3558578871580114,0.33956609742000804,0.3517010156612975,0.36686987144789523,0.3434512000623698,0.35160797053374254,0.36597685445936523,-0.003374346450567411
I6TAH8_I68A0_Doud_2015_with_scoresandembeddings_allyears.csv,0.24591895772202108,0.28684257706260563,0.26778295624145565,0.2904576791583902,0.32946654840359035,0.3065694686046382,0.31895502048025715,0.3627073753215547,0.33671452184999345,0.33816902062089443,0.3389468865992166,0.34036152072733455,0.32190151460484817,0.36113890300864365,-0.01270082532224228
IF1_ECOLI_Kelsic_2016_with_scoresandembeddings_allyears.csv,0.4953608275519029,0.48195605759228355,0.5155152134352429,0.5222256583399655,0.5642025034069168,0.5308898451038172,0.4910940168274069,0.47806039305360887,0.46910841913187273,0.5153894561430961,0.48123668247531337,0.5042348165082791,0.5202828783471156,0.532487557116979,-0.038903012805940995
ILF3_HUMAN_Tsuboyama_2023_2L33_with_scoresandembeddings_allyears.csv,0.35991411933300776,0.35072692080144535,0.3887992745605208,0.44326021619437433,0.35001650002394613,0.3350224332895662,0.3848553041700279,0.31444221440432263,0.3897569789883029,0.2904323313382862,0.40703000566225594,0.34527298760376973,0.4412874215014909,0.4682618527239404,-0.009997475603120233
ISDH_STAAW_Tsuboyama_2023_2LHR_with_scoresandembeddings_allyears.csv,0.38408177519638853,0.3197598221035518,0.41866781523877655,0.439761511382865,0.4424545703703936,0.4638729323631798,0.38525146740000227,0.4493684555670636,0.4201368902239365,0.4512007308576922,0.3511476387778148,0.3747477929164921,0.4405421594718176,0.39368305261843645,-0.009492718686180505
KCNE1_HUMAN_Muhammad_2023_expression_with_scoresandembeddings_allyears.csv,0.13825939971903706,0.1508391023486527,0.17181726952311477,0.12199877232694406,0.12873894786032136,0.19619368340860327,0.27827973351637747,0.1899190433009333,0.17629513970444263,0.19275198132510585,0.21862439296869024,0.1839598278872816,0.16189879889303463,0.21382066566667604,0.0014561896132657983
KCNE1_HUMAN_Muhammad_2023_function_with_scoresandembeddings_allyears.csv,0.42514324974741835,0.5509799202449893,0.32470094980554237,0.6127439928734958,0.5978432810642754,0.37852515350983007,0.2432850131763778,0.25424247185262694,0.2591474357545266,0.3196691268814972,0.1810283897464491,0.3226295069810028,0.2642810519500646,0.21473249405202885,0.01804148209600727
KCNH2_HUMAN_Kozek_2020_with_scoresandembeddings_allyears.csv,0.4796564914122854,0.3359993999849997,0.4291952298807471,0.3343238580964525,0.46491429720032423,0.4667291682292058,0.5339745496042339,0.3763669091727294,0.3910312757818946,0.40926723168079204,0.32789319732993333,0.36439149643424773,0.27759329392985305,0.39495687392184814,-0.06522613065326635
KCNJ2_MOUSE_Coyote-Maestas_2022_function_with_scoresandembeddings_allyears.csv,0.3019113837732375,0.2958885609246485,0.30275357049091267,0.2986280824413784,0.2750133080500258,0.28864100723880176,0.31715368608104566,0.29791736561177246,0.29634839989822,0.28057140132120245,0.2963814131561529,0.2860266111144808,0.31600107617885675,0.2911974961696396,-0.008930381540863543
KCNJ2_MOUSE_Coyote-Maestas_2022_surface_with_scoresandembeddings_allyears.csv,0.2994807841469221,0.29860774008772695,0.30186771338136964,0.28087377648693745,0.2738025300791263,0.2854073542417825,0.30648606231768466,0.30756947450445854,0.2937311794799578,0.27466421154980836,0.29396666633522445,0.2824067352878617,0.3031935000603996,0.28465050903014183,0.0021651793345846397
KKA2_KLEPN_Melnikov_2014_with_scoresandembeddings_allyears.csv,0.46157574437926996,0.4748859134675836,0.5239432816196242,0.43297214504083903,0.4637874089424195,0.4855766702497772,0.5010127507756397,0.48352150084875783,0.4881166992803066,0.4528130802022839,0.4188801770218101,0.48688001143181436,0.45759744928761076,0.457069901694453,0.011721573184079263
LGK_LIPST_Klesmith_2015_with_scoresandembeddings_allyears.csv,0.41107314880679796,0.41131653903455195,0.3994255956837714,0.40643686756073155,0.4531271210451098,0.4402613395180095,0.42349316884449756,0.4306408450809312,0.3674172083607219,0.36485851647948114,0.36962106193417815,0.3950380503734376,0.3828030804990235,0.4138444793984228,0.0031690291421606325
LYAM1_HUMAN_Elazar_2016_with_scoresandembeddings_allyears.csv,0.3280157176732212,0.3161150306377533,0.3705894950922479,0.2965138456524859,0.3970749753009204,0.36906267267636045,0.3872250397613542,0.44130592695582216,0.36206633391771237,0.34110802956614694,0.35599497595709856,0.3397071680872221,0.2856561707759618,0.35538301843154146,-0.02958832142799951
MAFG_MOUSE_Tsuboyama_2023_1K1V_with_scoresandembeddings_allyears.csv,0.3142024731124472,0.33804991404476015,0.5355055849920318,0.43115977882727285,0.5335312199429435,0.3052801562917387,0.43632959063329957,0.53590324383557,0.23855080415406438,0.38164642750325867,0.2739421735799293,0.4993870313807,0.42772724170791465,0.3620300342682675,-0.003541187746514384
MBD11_ARATH_Tsuboyama_2023_6ACV_with_scoresandembeddings_allyears.csv,0.1564482045678315,0.3451650278056343,0.05602088586314684,0.24319775383302633,0.23305307411949383,0.2594451566608685,0.18525353581351875,0.2453969630328018,0.218786431854179,0.39733133926575503,0.2846020158785078,0.22515309043163387,0.18873053415058852,0.37610902364017235,0.005978166113172172
MET_HUMAN_Estevam_2023_with_scoresandembeddings_allyears.csv,0.521438147490181,0.5491767697756533,0.5210768882051527,0.5146344505396515,0.5346867471521505,0.5241633324944824,0.5190344993938854,0.5022740743353362,0.5036778009771276,0.5020867531904607,0.49970533802005596,0.5169571688120621,0.5454908832825174,0.5282449801773194,0.004115669358568025
MK01_HUMAN_Brenan_2016_with_scoresandembeddings_allyears.csv,0.1561433742979381,0.16449344440799077,0.16727607967577934,0.18555431296585104,0.16682901148994558,0.15653897119098023,0.1660716996781618,0.17508116452482236,0.16094671080032533,0.19090410358575094,0.17647372259691563,0.15002313852350818,0.1495346143424788,0.14738815626668952,0.007131127987215276
MLAC_ECOLI_MacRae_2023_with_scoresandembeddings_allyears.csv,0.29875643926489237,0.3350008158728903,0.3190897554108477,0.3310924353662588,0.3450240938993143,0.3436546710436781,0.36929354396050207,0.3098109412153629,0.34069518286262834,0.3443771456903692,0.2982097463766501,0.3363787684155856,0.3026298228807362,0.3398923246511641,-0.005368897860852498
MSH2_HUMAN_Jia_2020_with_scoresandembeddings_allyears.csv,0.31048393149638553,0.30273835049084097,0.29850956186714434,0.2809072641894467,0.31105502697900245,0.34629378002614725,0.29999401486927973,0.33097633285366734,0.3113335327842612,0.34028067361069353,0.32879473316934776,0.2898228392573993,0.32224422589767937,0.3066287518892168,-0.013315296459721617
MTH3_HAEAE_RockahShmuel_2015_with_scoresandembeddings_allyears.csv,0.5731537148035089,0.5389310746794999,0.5142025258719332,0.5270071062801023,0.5439862420464786,0.4737571814551504,0.4833219339258804,0.4960357298253532,0.4742451638370363,0.5076197922995302,0.504045578915208,0.5020624569103835,0.46689245069209634,0.49217197591251177,0.014279068401032824
MTHR_HUMAN_Weile_2021_with_scoresandembeddings_allyears.csv,0.29917510774107586,0.3229191992608741,0.3200102103087934,0.33006099605554406,0.2961753245594992,0.30598988910681596,0.3033647434807515,0.3349776746112443,0.345796911011894,0.32278621499913124,0.3235001686087875,0.3291811370302652,0.3341809862490606,0.31978953970913593,0.004882369274521957
MYO3_YEAST_Tsuboyama_2023_2BTT_with_scoresandembeddings_allyears.csv,0.27706198134733756,0.3181127242480235,0.3741791563152028,0.2768694097423998,0.2922892799780425,0.3582007952753081,0.2457498592435939,0.2799123093156487,0.2748306318837865,0.3331299541488583,0.23330447032617682,0.25333319077720173,0.3017832957253574,0.3925646507100636,0.0021708389046153956
NCAP_I34A1_Doud_2015_with_scoresandembeddings_allyears.csv,0.3545926753825535,0.37887628555565855,0.4042452069536516,0.3827083293005989,0.3736772741833155,0.3803416209153041,0.39406700513597936,0.3970235661783973,0.3846926542162085,0.38353613978919393,0.37975345430231355,0.3487851955449822,0.35083010769955203,0.39204724086346776,0.011264049999554606
NKX31_HUMAN_Tsuboyama_2023_2L9R_with_scoresandembeddings_allyears.csv,0.532746223040054,0.4832439660050807,0.5668531692570448,0.5590917254878606,0.5156628367311572,0.5097459187862579,0.5588251214639314,0.6063453699783764,0.41785083105451504,0.5382089467969072,0.5023245486621781,0.5089199249889971,0.5655623506309099,0.5125805311817828,-0.009595300552411213
NPC1_HUMAN_Erwood_2022_HEK293T_with_scoresandembeddings_allyears.csv,0.4713879378075196,0.43993927022668095,0.45427346397786034,0.48232582275810043,0.4009190967680272,0.48641221884380664,0.41667291390539146,0.4601118100705853,0.4404185725387417,0.36864246451568694,0.45142596923457057,0.465966426592425,0.48908323349454985,0.45728747704408307,0.005872090545387321
NPC1_HUMAN_Erwood_2022_RPE1_with_scoresandembeddings_allyears.csv,0.2266705069124424,0.20780529953917054,0.28513824884792627,0.5279377880184332,0.13805683563748078,0.4062980030721966,0.1396409370199693,0.293778801843318,0.4143625192012289,0.45175691244239635,0.34809845550768354,0.3938172043010753,0.21346966205837173,0.4933755760368664,0.04334677419354839
NRAM_I33A0_Jiang_2016_with_scoresandembeddings_allyears.csv,0.5244347132295775,0.463414017553602,0.4644802721838029,0.5420352432316249,0.5601663194309824,0.49940971067320644,0.5525545686035911,0.6643805567062059,0.5664716569297836,0.5633178545346622,0.5915030079021908,0.623025614271602,0.622111895820679,0.5445279034424059,0.07976807422386645
NUD15_HUMAN_Suiter_2020_with_scoresandembeddings_allyears.csv,0.5257155309056656,0.4699191060817986,0.5023723318433231,0.48893670278801277,0.4808067096390617,0.4894407553751498,0.45319596624511954,0.5236052684782871,0.46969455072189514,0.4637590775079397,0.5457908381701794,0.5263915400566724,0.5359741918020916,0.5016022136870203,0.011019816867641488
NUSA_ECOLI_Tsuboyama_2023_1WCL_with_scoresandembeddings_allyears.csv,0.4885682403024366,0.532272542628192,0.5732688734560981,0.5223839131914428,0.3914152422669212,0.5159889486872995,0.49344780038560276,0.28805400071709314,0.3899179577184513,0.4122995459157457,0.33181121641395706,0.28704943857848,0.27459200354358876,0.32859218239691607,-0.015384542297434274
NUSG_MYCTU_Tsuboyama_2023_2MI6_with_scoresandembeddings_allyears.csv,0.30614242433044947,0.236438886375632,0.3534482631675589,0.2605101573646185,0.17365683575124022,0.3907885927252464,0.37521386597173134,0.18267712636282085,0.21252136516510062,0.3170459962753969,0.3468125080753396,0.17778797588019155,0.34325226465946346,0.28777525120817565,-0.020516033165044863
OBSCN_HUMAN_Tsuboyama_2023_1V1C_with_scoresandembeddings_allyears.csv,0.5619222050136627,0.6478463223782883,0.6588175528450302,0.452725153291347,0.6166518508006342,0.5342002974112943,0.529603958910524,0.6282253983781405,0.6706856276425852,0.5880649122929366,0.6276151167369897,0.49467041144668195,0.3916594126290723,0.5260280831608001,-0.012863559071797715
ODP2_GEOSE_Tsuboyama_2023_1W4G_with_scoresandembeddings_allyears.csv,-0.006785885923921128,0.0030280709379122616,-0.002175160662821584,0.054199091408791596,0.06712955545036857,0.01836165282553375,0.03601616643830407,0.05552002105614012,-0.038729485684829264,-0.013697427363125687,-0.024977784560412827,-0.02506070314119585,0.0009940896044997665,-0.008718445920420054,0.013519942017439985
OPSD_HUMAN_Wan_2019_with_scoresandembeddings_allyears.csv,0.4861993428258489,0.49993855688830724,0.42640985226938805,0.4741671786925975,0.4399219939625465,0.5109502310795289,0.4737450912296637,0.5357625624449017,0.47916009937755466,0.4847834798172736,0.46107712446237287,0.493257286351615,0.5352282745171374,0.462554430582641,0.0009724040285309755
OTC_HUMAN_Lo_2023_with_scoresandembeddings_allyears.csv,0.5463782678172835,0.5134550465522909,0.5264609189413378,0.5642869228433107,0.5237960982295643,0.5407283070068967,0.5170119214808142,0.5298456316668748,0.5368497991676094,0.5450534059885637,0.5042279449594432,0.5267931844582001,0.5258014385651542,0.5304747586019901,-0.030251271173522432
OTU7A_HUMAN_Tsuboyama_2023_2L2D_with_scoresandembeddings_allyears.csv,0.41400399395049126,0.21535646312766343,0.25465640935621575,0.36752185260813586,0.43414743310648446,0.20499510949620076,0.18698915090824642,0.4484264206295654,0.3564031855996573,0.41024353162330507,0.2462885833098611,0.29422583458692037,0.40341447621244986,0.3321486300731068,0.03539801483507496
OXDA_RHOTO_Vanella_2023_activity_with_scoresandembeddings_allyears.csv,0.24528174366822378,0.24013371814038148,0.23374070836666302,0.21988746331268985,0.22142937321544343,0.23808052297765483,0.20624732272286364,0.22477285213750278,0.22934680843393104,0.24030736823419926,0.18718460349017169,0.21542685505820078,0.1904801724185368,0.23561877948212895,-0.012825155373008528
OXDA_RHOTO_Vanella_2023_expression_with_scoresandembeddings_allyears.csv,0.27902987557199116,0.2923905239851777,0.2619185943679466,0.30433574091663607,0.3008084846829988,0.30100682258185063,0.28729131938462005,0.24810422585051514,0.3074590393881948,0.30501264817246765,0.28571545494750883,0.28389432890509064,0.2728585252519555,0.29367106584026437,0.01231641704685524
P53_HUMAN_Giacomelli_2018_Null_Etoposide_with_scoresandembeddings_allyears.csv,0.19232716245406814,0.2503420142200618,0.37925387711871017,0.28836162765681045,0.38692298449786544,0.3901053681087126,0.411120555646226,0.4743016066856222,0.4665748434867198,0.4076561994232852,0.38406614828499797,0.4413504529598806,0.42639812225440943,0.42849157842928487,0.003959915893765425
P53_HUMAN_Giacomelli_2018_Null_Nutlin_with_scoresandembeddings_allyears.csv,0.20688698487429324,0.2496191880594047,0.36127560985916124,0.27731113940765023,0.3738793982616921,0.3723678092560356,0.40839077214576414,0.45597889692943633,0.4532293030081256,0.38837781707755425,0.37139962548089706,0.42581210649106166,0.40586039497249965,0.40278519706754073,-0.010140248465449992
P53_HUMAN_Giacomelli_2018_WT_Nutlin_with_scoresandembeddings_allyears.csv,0.19501266299194606,0.2630801267480921,0.39735739990112456,0.2851491122821129,0.4267658417326181,0.4224443026407307,0.4282404040008111,0.4873201173641362,0.5075185061588636,0.45280391464830594,0.36449442487006756,0.4586160907834412,0.45381668372603035,0.44972610131771795,-0.006850591758181784
P53_HUMAN_Kotler_2018_with_scoresandembeddings_allyears.csv,0.386563183217012,0.4720566411917656,0.45157568949441584,0.4402886589236596,0.4569346161350425,0.4817431392926213,0.46887631619050646,0.4996826015091928,0.4873766337271354,0.47618268733291413,0.46213777104838166,0.4582801692545905,0.394648957152795,0.5143090324543754,0.03317666832481113
P84126_THETH_Chan_2017_with_scoresandembeddings_allyears.csv,0.5337747613185937,0.4797215316942479,0.5095068978328416,0.5615031130304963,0.5420260429067415,0.5220154572767522,0.4839474548908717,0.5372982431307306,0.49610279823196296,0.5148589796049023,0.5347717357851983,0.47807035467366776,0.511491513417079,0.5170192959850922,-0.007490229047759326
PABP_YEAST_Melamed_2013_with_scoresandembeddings_allyears.csv,0.5994139825342525,0.6743429031482286,0.6978672416813851,0.6283527625527691,0.5825837440017098,0.6709790899551024,0.6290432329138596,0.6026996708178111,0.6530147397130655,0.585458872192671,0.6783625095363982,0.6659550178634783,0.6076881127833635,0.46408285456132997,-0.002168116348344527
PAI1_HUMAN_Huttinger_2021_with_scoresandembeddings_allyears.csv,0.3176809288429311,0.32907404367884824,0.3498203848897168,0.3209222766908238,0.34031723086515075,0.3517921619095444,0.37487844268607734,0.3673836173197476,0.39031112453018457,0.3791130213285833,0.35886736790859414,0.3424187693763278,0.35876520235797066,0.3591158256733984,-0.0015827006189037603
PA_I34A1_Wu_2015_with_scoresandembeddings_allyears.csv,0.4343191571148801,0.46061274635682553,0.4481350270366329,0.4304029437487313,0.4347153149959179,0.47160802200222274,0.42656855793845116,0.4550186190691093,0.43811936841961185,0.44377325190016564,0.41598877956481173,0.39710362034607916,0.42036744540178617,0.40202880958077913,0.00259308922699071
PHOT_CHLRE_Chen_2023_with_scoresandembeddings_allyears.csv,0.7777146527044712,0.6879317900516145,0.7553219748050605,0.704809449157816,0.7342311854266224,0.6736076950328475,0.6366420978664576,0.7870486338453208,0.602394586362305,0.6625750492893332,0.6883326365978613,0.7847900754824542,0.7819983603475533,0.8262138825336777,0.0013676656456766566
PIN1_HUMAN_Tsuboyama_2023_1I6C_with_scoresandembeddings_allyears.csv,0.6861503872512599,0.5288524599202038,0.550875657159125,0.6023177070220842,0.6481838672705972,0.6131906836283343,0.6709116663148775,0.6292982558302069,0.6376080781810485,0.5681068921578546,0.6503930727330209,0.5155788961930834,0.5730140509426711,0.6792619037292101,0.028842323229105238
PITX2_HUMAN_Tsuboyama_2023_2L7M_with_scoresandembeddings_allyears.csv,0.42382418871892885,0.47072047157125935,0.39281435541888976,0.5589507004347637,0.36097027564996537,0.4741175483023341,0.41548903876249216,0.46425412352232326,0.4973805173981446,0.4342670558564146,0.4941029986680875,0.5024800622977804,0.5615240610939052,0.48152960908534836,0.02212769146620864
PKN1_HUMAN_Tsuboyama_2023_1URF_with_scoresandembeddings_allyears.csv,0.3986041255841485,0.1981275718106503,0.055275521039430356,0.3331995107698077,0.33281790754694174,0.31021849730597234,0.34534362763516513,0.2781052134715935,0.2957974305149577,0.28659497408013235,0.3153385137919683,0.31686964314919,0.3627995871602042,0.4412458747357776,-0.004065958588286326
POLG_DEN26_Suphatrakul_2023_with_scoresandembeddings_allyears.csv,0.5005417165867477,0.47107991158019946,0.41900731906740474,0.4149314217664676,0.25189517235094655,0.2399973977346083,0.2386550104257149,0.18483052859484086,0.035488602763668685,0.09815446212884359,0.10602378991171665,-0.03182085447708161,0.05644714863728162,0.0778518911769009,-0.028888297731370926
POLG_PESV_Tsuboyama_2023_2MXD_with_scoresandembeddings_allyears.csv,0.3544598789216874,0.42615781127641356,0.45050308396587524,0.41267881674505796,0.3678978508109215,0.39247193878043424,0.2826706530467446,0.39219923850620314,0.27573514314598935,0.3150665480771362,0.47857958467755723,0.42343584550149216,0.42522117104844737,0.3519571209349544,-0.013261157016431206
PPARG_HUMAN_Majithia_2016_with_scoresandembeddings_allyears.csv,0.5115895687136573,0.5519108502707134,0.5664455739696165,0.578182876081577,0.5815353246891523,0.5572745487945387,0.5367595204793094,0.4997616056990447,0.539764167725156,0.5435178529853939,0.5538206830245953,0.5502515795432853,0.5902267994954773,0.5527045440411461,0.00531506528040915
PPM1D_HUMAN_Miller_2022_with_scoresandembeddings_allyears.csv,0.47373007480326246,0.44092441681032185,0.4657247564900949,0.4768363472539138,0.42004069311199066,0.48294361645863526,0.5226789747652872,0.5186451742877053,0.5094830678164448,0.48830108887125184,0.5191014075414087,0.4796775930232741,0.5043241021639924,0.4903407460600718,0.004432859296591535
PR40A_HUMAN_Tsuboyama_2023_1UZC_with_scoresandembeddings_allyears.csv,0.4796482428185127,0.5204322200838343,0.6040354093667092,0.609847213182312,0.6415896022848819,0.6176200133413431,0.5478054193864286,0.6035828702828646,0.594016300589012,0.4687570826450855,0.4609427603478249,0.500472434504331,0.49628492409819425,0.5219216751275688,-0.004431338184398919
PRKN_HUMAN_Clausen_2023_with_scoresandembeddings_allyears.csv,0.5433759784272032,0.6018572407947353,0.5359091685190176,0.5623301654586372,0.5539536477923896,0.48312627543173664,0.5298883837702952,0.4917557994700768,0.5183544009438671,0.4715907295653109,0.572019769185188,0.5692795221234469,0.5879189296652884,0.5830728483908014,0.01457800531912021
PSAE_PICP2_Tsuboyama_2023_1PSE_with_scoresandembeddings_allyears.csv,0.514495595329797,0.5660309081573384,0.32372884373075006,0.5112783070552603,0.4377339085181209,0.3454371147858188,0.5163629995848456,0.5180240260237645,0.4657236858889089,0.5626213385810248,0.61721458561885,0.5167781434389351,0.5587350241096777,0.4904502589368595,-0.030839763107028483
PTEN_HUMAN_Matreyek_2021_with_scoresandembeddings_allyears.csv,0.3204342596811044,0.3386313196368677,0.3470371357473166,0.2905537446124691,0.3345171491219035,0.3313589949139601,0.3312952320327453,0.4024920960603121,0.3052073593917971,0.3712983460202975,0.3584726669481167,0.38620219888002344,0.3924599237943129,0.3920424272003434,-0.03274614276559343
PTEN_HUMAN_Mighell_2018_with_scoresandembeddings_allyears.csv,0.45307226832991976,0.46038764498118384,0.452982705785185,0.43969154698307217,0.4473150053244268,0.4465017126873596,0.4616234308365709,0.486039500234415,0.434972312826861,0.46260790610294716,0.4679474168881469,0.4560657908726396,0.45319063854350805,0.46831099270760357,-0.00020682021015912575
Q2N0S5_9HIV1_Haddox_2018_with_scoresandembeddings_allyears.csv,0.4346527422465846,0.4432775002639572,0.37252773798816013,0.44435658159290253,0.40465826132456634,0.3947003755993624,0.46859891952366683,0.47140558888192957,0.44125843588423946,0.43415832898495094,0.3834282795643676,0.3990556122017711,0.31419995236202847,0.4342187650402269,-0.015917008764680347
Q53Z42_HUMAN_McShan_2019_binding-TAPBPR_with_scoresandembeddings_allyears.csv,0.12388496889577136,0.07741559773893035,0.11399328301282989,0.1515589852781355,0.15436192996027176,0.15809247836157694,0.17818018428146626,0.2077211068167964,0.18190933810151505,0.2722153163531473,0.21815696806228269,0.18470472503459884,0.20357345292064719,0.2515619380264831,0.002855942231400718
Q53Z42_HUMAN_McShan_2019_expression_with_scoresandembeddings_allyears.csv,0.3488435141784292,0.29133910038299604,0.3320317913265727,0.3733960475284834,0.3376553112430841,0.39615907860335214,0.3845536889503887,0.376994438298466,0.41270613686947893,0.4642494981053703,0.38609585981173805,0.4125157860597599,0.3917289271351874,0.44827146041886273,0.010618179153503562
Q59976_STRSQ_Romero_2015_with_scoresandembeddings_allyears.csv,0.5911182214524584,0.5760245848908802,0.5959110836111025,0.5906783694273672,0.6217524697403906,0.6301868773722669,0.6133428141329949,0.6121151436954747,0.6205439426396618,0.6167132953559836,0.6115501322947869,0.6032265457477278,0.6431803983397943,0.6360273471127118,-0.0026761179487428915
Q6WV12_9MAXI_Somermeyer_2022_with_scoresandembeddings_allyears.csv,0.2631892414303653,-0.011114352795034197,-0.01209400347666908,-0.006943561563540203,0.056951004622903534,0.08828610668622745,0.014001361894497012,-0.06561525529147252,0.010267747156408066,0.05666496054073937,-0.007346768482496942,0.1015777480106173,-0.014387675556606624,0.051752829580557325,-0.01928407431021353
Q837P4_ENTFA_Meier_2023_with_scoresandembeddings_allyears.csv,0.35019051356447917,0.44205380713004827,0.45354231116160015,0.4181994390312605,0.3595568261726512,0.4613904402124399,0.4576960325558595,0.45649040491411885,0.5204609281536746,0.42894477919172974,0.4269654332321633,0.4797173171524595,0.5052415495003425,0.48253525174066025,-0.005568932324619348
Q837P5_ENTFA_Meier_2023_with_scoresandembeddings_allyears.csv,0.42659496928805674,0.443677938949674,0.4222091157421186,0.3749847231608599,0.41826004250691173,0.39592828451285816,0.40540392707300366,0.33760175826818045,0.3748715408642609,0.3761103106926711,0.4474987590683302,0.3658725334872525,0.36750294584527954,0.3694250270281568,-0.03462422470199359
Q8WTC7_9CNID_Somermeyer_2022_with_scoresandembeddings_allyears.csv,0.24990800658689882,0.14802035362536203,0.0421347584738289,0.10622956230344704,0.02823808405361392,0.023342798237822496,-0.05166908817582973,-0.03486497215619482,-0.04973113038644744,-0.05253553350062304,-0.01278605773090026,-0.01146578466699521,-0.048725974703013784,-0.021005429014224367,-0.009994717483375022
R1AB_SARS2_Flynn_2022_with_scoresandembeddings_allyears.csv,0.017999250094192076,-0.14337516300366593,-0.031045468238367117,0.01837207470382619,-0.044289549882017186,0.003904157349817371,-0.07706153845269981,-0.039885224331406684,-0.05653659568065721,-0.1013426544868774,-0.00889586667969024,-0.01800479745529245,-0.06463923787661209,-0.0007522613592639821,0.0036681170427246813
RAD_ANTMA_Tsuboyama_2023_2CJJ_with_scoresandembeddings_allyears.csv,0.5012193955154542,0.4247150419755798,0.41819253125823214,0.46420388142415187,0.4794524396674402,0.39214838123390466,0.4701794114414263,0.5402551123300549,0.4048138747122398,0.5203560000220209,0.5154842712358579,0.5896253568204296,0.5569536319834626,0.4560419631139856,-0.001709979113614105
RAF1_HUMAN_Zinkus-Boltz_2019_with_scoresandembeddings_allyears.csv,0.33837502709941947,0.4550676867206066,0.32131511619311276,0.2973374706508963,0.3838682756196477,0.34832356729696123,0.35256041623307294,0.4487968569766131,0.3265866004770823,0.38392946003556744,0.41391830257557083,0.4250980932103309,0.39723390781517265,0.3959321466911819,0.0550943895622102
RASH_HUMAN_Bandaru_2017_with_scoresandembeddings_allyears.csv,0.3028309465329347,0.3381989568513112,0.37875032823700433,0.34959022459403793,0.34069103321726546,0.41420811942732866,0.3794046479614581,0.41537220091592847,0.38720472657742466,0.4102861015927914,0.38893413486117523,0.38528608325864844,0.4031804934390716,0.41096690149194987,0.00994592283402371
RASK_HUMAN_Weng_2022_abundance_with_scoresandembeddings_allyears.csv,0.26120742080460024,0.30029835491226237,0.3005393076625387,0.275974161529115,0.30093245173045113,0.31194588340526175,0.2860692777279315,0.21891668869130418,0.27785857101460615,0.2844430355598167,0.32771406597975833,0.28472265276381004,0.2586023896567433,0.29151663593025584,0.005741132956599745
RASK_HUMAN_Weng_2022_binding-DARPin_K55_with_scoresandembeddings_allyears.csv,0.3764517589077615,0.5492069600794507,0.5122770141520536,0.49028124079288377,0.41329352757692933,0.46203098833238676,0.4676134490110964,0.5003961834060283,0.514760848397177,0.4587512272062062,0.4392846607160572,0.4263830304158584,0.4335114945832454,0.40727311369848757,0.008895808187998892
RBP1_HUMAN_Tsuboyama_2023_2KWH_with_scoresandembeddings_allyears.csv,0.34987790848863554,0.2776967604150138,0.10748235333018961,0.39903358532749933,0.3766636507967116,0.39489105525926543,0.28431775726273356,0.2680726152816564,0.21217738013773774,0.29882896028507383,0.2357015615806747,0.3116395214187715,0.36943235990264583,0.2652550467435301,-0.011145023346420804
RCD1_ARATH_Tsuboyama_2023_5OAO_with_scoresandembeddings_allyears.csv,0.4903562968884441,0.4066803750271328,0.3232257878809646,0.4837970108275371,0.4040382977277356,0.38963885057683445,0.5222870840513738,0.38846875765156486,0.43444365802106805,0.3166404964164429,0.3975597035578104,0.4212179824131568,0.4385971614525235,0.38428995077158445,0.013500706274408629
RCRO_LAMBD_Tsuboyama_2023_1ORC_with_scoresandembeddings_allyears.csv,0.4433789245700794,-0.025216813042825803,0.3160978488699457,0.35744529325936947,0.3988955004284566,0.4403694858092411,0.45351677869990736,0.4858636671784246,0.160359148593324,0.4545328215959099,0.45417969731066243,0.1865217418186443,0.33559511810939896,0.27148316548716805,-0.006500956978289235
RD23A_HUMAN_Tsuboyama_2023_1IFY_with_scoresandembeddings_allyears.csv,0.4814384730154752,0.5776576152149946,0.3931550511391841,0.3523118654733525,0.46387552485668404,0.418696484178105,0.43986057352235175,0.47801300585315504,0.31103924316978904,0.3560171214621745,0.45402508485211435,0.44574850633525254,0.48818559696745306,0.5040564079666505,-0.028653877494823586
RDRP_I33A0_Li_2023_with_scoresandembeddings_allyears.csv,0.47899346512909546,0.4666953688952049,0.4443573561817236,0.45599850895941846,0.4387440861920043,0.42364498304952125,0.4220922842182817,0.4417412925051442,0.40593673686690945,0.41442202829822816,0.42342086947260205,0.4127356323793861,0.40431182375737273,0.41397095828111136,-0.017465797146552713
REV_HV1H2_Fernandes_2016_with_scoresandembeddings_allyears.csv,0.1760727782054301,0.15954516563182197,0.2138578608087957,0.1959433986413397,0.23431664307046582,0.2047029005919803,0.20129648923032817,0.22120906855095568,0.2506340123588503,0.2273604127058416,0.2403944549034164,0.24346188024889145,0.26016402060734134,0.24208690020962748,0.01168997962171694
RFAH_ECOLI_Tsuboyama_2023_2LCL_with_scoresandembeddings_allyears.csv,-0.06012604803283214,0.06390890503979392,-0.2295755863525685,-0.15533858244745685,-0.1758150620541167,-0.18882393506348324,0.03198901436650652,-0.019297222393566002,-0.1243535323016731,0.060298749180132456,0.0889899998616368,0.13398512618445949,0.09534830626730487,-0.21487880086831504,0.001047944525534108
RL20_AQUAE_Tsuboyama_2023_1GYZ_with_scoresandembeddings_allyears.csv,0.07182175353084375,-0.1881965489858484,0.11097500815183588,0.19196553198594135,0.048675427876473394,0.04705616078480898,-0.017114427771102173,0.5948726010790852,-0.43560020782266967,0.010213682759833406,-0.12471308366942349,0.5286572331820096,-0.17357792126766994,-0.03583723065050693,-0.018915066276724433
RL40A_YEAST_Mavor_2016_with_scoresandembeddings_allyears.csv,0.2526758347745013,0.30185882534375763,0.2523322394681391,0.2902073231593314,0.36842908344126,0.3455177751270107,0.33815285347398405,0.31692691460915673,0.4047655768612391,0.24013782365409758,0.32462825871919365,0.35334757443985176,0.348888818839438,0.4590478900564726,-0.02061492467578365
RL40A_YEAST_Roscoe_2013_with_scoresandembeddings_allyears.csv,0.27029521461578054,0.33886563841724404,0.3030602277420323,0.32018322732767834,0.4039050220948434,0.3605320651760785,0.35208152394907455,0.33367505022066724,0.44685261434022533,0.29884766888696856,0.36439934661623424,0.37920131295567694,0.4035202678347452,0.48667845602116744,-0.022224970165052607
RL40A_YEAST_Roscoe_2014_with_scoresandembeddings_allyears.csv,0.22137525690391296,0.21322251682871446,0.27633719066499063,0.2609309451443862,0.3419794541137559,0.2998699098884946,0.3334660877571078,0.2975863319837273,0.3929541117125689,0.27746720596115493,0.3525647138490473,0.34913420705566894,0.37947068680308604,0.400040711234769,0.008672328599754295
RNC_ECOLI_Weeks_2023_with_scoresandembeddings_allyears.csv,0.4019248685104864,0.3814962446045616,0.451799611907767,0.4333213242287015,0.43318138474113804,0.46969991344852496,0.4845978421120978,0.4829271546675376,0.487329135153601,0.5180096687712201,0.5119587310143794,0.5032598869369169,0.5543153286378346,0.5190131750175515,-0.018680347858927058
RPC1_BP434_Tsuboyama_2023_1R69_with_scoresandembeddings_allyears.csv,0.6954944865193852,0.7384528247712554,0.7228433957941551,0.6829909748005898,0.715531164879095,0.6732672658298725,0.6404025943776745,0.680950250995839,0.6874799769603813,0.6464329070354964,0.7611289986117723,0.6892499076839594,0.5959684469395068,0.731246173103107,0.038351829190616
RPC1_LAMBD_Li_2019_high-expression_with_scoresandembeddings_allyears.csv,0.26594072594072593,0.3832841036244392,0.31469669219669216,0.3408818958818959,0.3038334099118534,0.3511974136974137,0.34474194865842217,0.35441253191253186,0.39134559884559883,0.3584168609168609,0.3331307581307581,0.36457653457653455,0.28681972796784727,0.3512384837384837,-0.044414474414474416
RPC1_LAMBD_Li_2019_low-expression_with_scoresandembeddings_allyears.csv,0.3259615384615384,0.3588454849903913,0.31005550005550003,0.3293217893217893,0.3135854640904564,0.392982017982018,0.4101078373090695,0.4197283272283272,0.3969100344100344,0.4098656898656899,0.3765023865023865,0.4162307137307138,0.33533885110298467,0.35345321345321346,-0.020003885003885006
RS15_GEOSE_Tsuboyama_2023_1A32_with_scoresandembeddings_allyears.csv,0.38571973650595803,0.35159093349508774,0.4242935757417389,0.4115642935293307,0.45197718707160234,0.4036474968002718,0.44431742963568915,0.3953615350088347,0.3678115673172822,0.40155511046773,0.31944704139496555,0.32170240941768224,0.348567058203809,0.4028031454624123,-0.029516904852835008
S22A1_HUMAN_Yee_2023_abundance_with_scoresandembeddings_allyears.csv,0.5475321797246804,0.5852310667918347,0.5559042015349769,0.583210900482392,0.5857279405059221,0.5741484014633068,0.5921054719755874,0.5926009347298185,0.5922657266859884,0.5923952152032883,0.5846659780832787,0.567631955992872,0.5947780648320667,0.5839952037921893,-0.008641568889662754
S22A1_HUMAN_Yee_2023_activity_with_scoresandembeddings_allyears.csv,0.49811311136784514,0.5368038914409885,0.5164507238411357,0.5294031228547099,0.5569664300177979,0.5462078247664927,0.5609704254702297,0.5517520201109217,0.5727335571432368,0.5785714413149148,0.5803615914450372,0.5197966671514685,0.576860754139634,0.5944063633666326,0.007453446538137861
SAV1_MOUSE_Tsuboyama_2023_2YSB_with_scoresandembeddings_allyears.csv,0.5485796864644668,0.5555693839950976,0.5393479522788861,0.45992799982586846,0.3759151952843478,0.5105726803419548,0.4790219204061431,0.4469331288267369,0.5282986136381026,0.4268088625820928,0.47029890661703744,0.5501595378135771,0.41513807733976194,0.563237713679993,0.005023413610540726
SBI_STAAM_Tsuboyama_2023_2JVG_with_scoresandembeddings_allyears.csv,0.27193838405685256,0.23033728933961636,0.14469341744416536,0.24662154852258267,0.2460669742528871,0.1309113023284838,0.1520827320240145,0.16152756695687784,0.2375204546734621,0.19980771956461119,0.20475411021035672,0.1559921355615064,0.2641536354260092,0.3155332709065067,-0.004844596883468834
SC6A4_HUMAN_Young_2021_with_scoresandembeddings_allyears.csv,0.5846186511700615,0.5897058605421637,0.587363102362014,0.5911074918703119,0.5666131768659545,0.5736590117134863,0.5788259125899884,0.5701081119251059,0.5527933315638506,0.5263050505361586,0.5408011983898597,0.5516412866526869,0.5637849059959698,0.543832467288849,-0.0023955146458181356
SCIN_STAAR_Tsuboyama_2023_2QFF_with_scoresandembeddings_allyears.csv,0.27494727050560935,0.2958258608161893,0.16533135922351413,0.23671215300634882,0.35878386635482096,0.37399266196275,0.3736369747608424,0.31392130471238966,0.2708528933640689,0.3248208121280094,0.291928498212636,0.3164776747178466,0.31894850289307425,0.2812481944125213,0.022725601920146755
SCN5A_HUMAN_Glazer_2019_with_scoresandembeddings_allyears.csv,0.0972038563165886,0.10826830608310045,0.06567731971551864,0.007960223971177623,0.17776908197185254,0.13185268544939066,0.08511209630130909,0.1292106669450724,0.08179687153973353,0.1501926128098242,0.10468297646600586,0.09193573099295871,0.06838261829662869,0.08088879445833418,-0.0763462736554965
SDA_BACSU_Tsuboyama_2023_1PV0_with_scoresandembeddings_allyears.csv,0.33353111750600334,0.082537695510883,0.20685086091306218,0.22301950560363265,0.19885766851820005,0.16852685904599604,0.1959467263472391,0.3271174584480353,0.12997694075612784,0.2657026515507452,0.1932596581793715,0.2119331651763021,0.05456392139907176,0.15725488484007535,-0.005330345624269041
SERC_HUMAN_Xie_2023_with_scoresandembeddings_allyears.csv,0.4420634753805826,0.48517583071418985,0.4849096077823661,0.4582674589740769,0.46712806259839457,0.5017752217720334,0.49173224259777426,0.5219005880531168,0.5020608414731251,0.5082941221992238,0.5400037506620927,0.5035238793711749,0.5120051483155595,0.5213739004399344,-0.014889276460889111
SHOC2_HUMAN_Kwon_2022_with_scoresandembeddings_allyears.csv,0.33500051744890097,0.3717039170982581,0.30901670955291116,0.3255205507618219,0.33064256505634637,0.29069627561929207,0.3309568909971349,0.36010987467431055,0.30166360241594153,0.28343069179250713,0.27489080875973537,0.3428904313467277,0.3208827859860482,0.3468911889567584,0.001950268782010751
SOX30_HUMAN_Tsuboyama_2023_7JJK_with_scoresandembeddings_allyears.csv,0.3071647064657353,0.2703524960725274,0.25684197936421016,0.28874001833194235,0.2565021804959932,0.26713370539778425,0.18077622809644017,0.3632448195986103,0.24954144666156897,0.32738804355418855,0.2905156176891742,0.27201072767165607,0.2807185371320833,0.43201844736502426,0.023530395258957542
SPA_STAAU_Tsuboyama_2023_1LP1_with_scoresandembeddings_allyears.csv,-0.17711450495291645,-0.12019873124541809,-0.1743962650955123,-0.17825521428176214,-0.11700031569856914,-0.09660542421897986,-0.04802873113226846,-0.2148390979882976,-0.03096357825443708,-0.05438229597826255,-0.12487851748835416,-0.06852392997000165,-0.16035164316192302,-0.2128386606628076,-0.027367423898858198
SPG1_STRSG_Olson_2014_with_scoresandembeddings_allyears.csv,0.3776474571321486,0.44783345108691397,0.26746566283983597,0.4236774684486706,0.3103543293549033,0.35290110748940234,0.31608421345742493,0.28798577748574217,0.42950905980801274,0.27941844842611974,0.33795640650502645,0.22239518207408362,0.30263352293728535,0.29187262064429187,-0.0013082296999133685
SPG1_STRSG_Wu_2016_with_scoresandembeddings_allyears.csv,0.0726931123286875,-0.03101109188047141,-0.05381983819974324,-0.009028173079242774,0.05139363731692029,0.05529311745266011,0.0769121219450321,0.04569934859853543,0.011356513613981647,0.10119858616028034,0.0005033516176218934,-0.016832918406362116,0.019471782028728065,0.12606314218583578,0.021136078675007733
SPG2_STRSG_Tsuboyama_2023_5UBS_with_scoresandembeddings_allyears.csv,0.18761875918086926,0.24823261426238266,0.2517042876766274,0.28477949596490776,0.1982566950515549,0.2756905896125147,0.3294741633451307,0.2632100936699448,0.16343016369193614,0.210561032485335,0.2867656880731422,0.25512274384942357,0.17932129663885124,0.20408554276614593,-0.017533191700223837
SPIKE_SARS2_Starr_2020_binding_with_scoresandembeddings_allyears.csv,-0.04575878030002494,0.018354755064907698,-0.0029642403864763825,0.023604310973368042,0.04297210234142128,-0.01147136581687509,0.040033663151846116,0.03260752034536603,0.013317747904178721,0.027435369443818226,0.061980966731053,0.007038754831351937,0.05396846505265248,0.07233476849299794,0.02166393027020383
SPIKE_SARS2_Starr_2020_expression_with_scoresandembeddings_allyears.csv,0.06392624886089172,0.05861777781515958,0.048929055852039105,0.04982151489326524,0.06350200007664769,0.012588543070653211,0.032137325993242725,0.06572816083133282,0.033666947710665224,0.007092175193751401,0.10113684249645008,0.00874438354560167,0.03610683166250549,0.04486268544058365,0.02883786327578715
SPTN1_CHICK_Tsuboyama_2023_1TUD_with_scoresandembeddings_allyears.csv,0.5296672755294246,0.42544636420138765,0.4894200355862916,0.5765953074522103,0.4066231548954053,0.272226113378395,0.5226909386764614,0.4249629932086157,0.4701674745837848,0.31242614076768965,0.3389869258501356,0.3873166145807951,0.4076374123649017,0.5903599997102326,-0.012966576287547554
SQSTM_MOUSE_Tsuboyama_2023_2RRU_with_scoresandembeddings_allyears.csv,0.3822866479556887,0.19553353554699868,0.24332347735259027,0.29428584196243474,0.27532086204538625,0.409305079380624,-0.07804969665275867,0.4218523768299316,0.19790767737097884,0.37410097422091565,0.3311212888774765,0.4091250076656968,0.3792521420868744,0.35630582757978796,-0.026989025031360598
SR43C_ARATH_Tsuboyama_2023_2N88_with_scoresandembeddings_allyears.csv,0.5569521329189876,0.5482547466304643,0.5561626489569597,0.5689034680672853,0.5595773687884835,0.6030580534148587,0.4954578105813846,0.585586774992047,0.40702979431184527,0.6152280705651979,0.49733172008774507,0.6532319218227011,0.5878659989972663,-0.11717047959410656,-0.028654723891448155
SRBS1_HUMAN_Tsuboyama_2023_2O2W_with_scoresandembeddings_allyears.csv,0.652089683881417,0.4046345284509155,0.717768046528434,0.5807853995940929,0.6501074611653788,0.6102987352733432,0.6589204824015941,0.6100341548871132,0.5619373294949628,0.5752877539647202,0.6569166855356878,0.6569987201874444,0.7066074955826424,0.6571476624209419,-0.015601338221711787
SRC_HUMAN_Ahler_2019_with_scoresandembeddings_allyears.csv,0.28080292148858516,0.2513737107180406,0.3268593693339698,0.2498226271965393,0.26865574454980673,0.33243887754717616,0.3092873073070387,0.39908381856520664,0.39392182807650067,0.37417566543017533,0.39215405502847545,0.3853593198579638,0.3719851086922983,0.3782299837050539,0.010515900696162837
SRC_HUMAN_Chakraborty_2023_binding-DAS_25uM_with_scoresandembeddings_allyears.csv,0.24382915135825928,0.20548924275458993,0.27386500798288077,0.21032984977974134,0.22440385202848548,0.2949274443324917,0.2635174214266197,0.33830192223145134,0.3461679497712575,0.3183356485392606,0.3325638884015069,0.3340797961829001,0.3247229608873603,0.3246147164113974,-0.03237245602703833
SRC_HUMAN_Nguyen_2022_with_scoresandembeddings_allyears.csv,0.22859423085228597,0.21740120521619707,0.2770786494934282,0.20856825457177425,0.22981539852621938,0.273334580256353,0.2607569996320422,0.3414812082786327,0.34193048163048484,0.3203548138061413,0.32423661979287055,0.32736519024337024,0.3169161280813145,0.3278582140819023,0.0017973056518638198
SUMO1_HUMAN_Weile_2017_with_scoresandembeddings_allyears.csv,0.3921724410122429,0.37318083727396006,0.4844820638346241,0.4295262522864253,0.42324500606274074,0.4874284889254461,0.4907233302873664,0.49897757790797514,0.49098914607806793,0.4287080620402412,0.4765853726083634,0.4839634404107161,0.5152038599321314,0.45223648459231086,-0.017176006757421425
SYUA_HUMAN_Newberry_2020_with_scoresandembeddings_allyears.csv,0.18672606563837915,0.18515178898037865,0.18147464864786841,0.15695294646249233,0.1479709275522336,0.21139922567069955,0.27429233255105756,0.239349029823039,0.28668373555216725,0.2732694606389568,0.21027818312248003,0.1357902679478868,0.247042013067156,0.2331254246255266,0.011760549809491165
TADBP_HUMAN_Bolognesi_2019_with_scoresandembeddings_allyears.csv,-0.06037695760007565,0.10501541810549733,0.03318210736950725,-0.058260118429496376,0.11353417167389923,0.05350333423539163,0.027240183977036793,-0.003386585303231255,0.01111649702850606,0.2038029653968781,0.10217936495427564,0.09692239055722171,-0.208133342915182,-0.042754691274563765,-0.011720636725663387
TAT_HV1BR_Fernandes_2016_with_scoresandembeddings_allyears.csv,0.19117778844176425,0.1913090395978153,0.2551650493690502,0.3135265111118533,0.2921306052544743,0.2912245715896674,0.28281326327445905,0.26694683864321406,0.22612134052044688,0.30612005206915965,0.2658543875637351,0.29493574378374193,0.3178711017799836,0.27766436022092733,0.02115337149204084
TCRG1_MOUSE_Tsuboyama_2023_1E0L_with_scoresandembeddings_allyears.csv,0.5962039250599938,0.4742932234174565,0.6232371777975863,0.6424000548097308,0.3711812669880515,0.6139688190569538,0.5224795613442222,0.5562999883134653,0.5694921186667963,0.7138849936517576,0.6033543125721886,0.4591035553982805,0.49324476297514513,0.6461902877393843,-0.04254239575804377
THO1_YEAST_Tsuboyama_2023_2WQG_with_scoresandembeddings_allyears.csv,0.15687531969125462,0.4153748533084305,0.41482969292982286,0.24729940661554836,0.1359975937017038,0.22113834623587236,0.45351822942555864,0.445978571340839,0.4847007989822457,0.27895729371697875,0.10097956875399701,0.10179405645389963,0.2673295288766414,0.24295751132413454,-0.023461353867274538
TNKS2_HUMAN_Tsuboyama_2023_5JRT_with_scoresandembeddings_allyears.csv,0.4347079683910334,0.4916097226841673,0.5189994784162936,0.43291582174751797,-0.05459205470577049,0.4174369253681269,0.33874026507286825,0.376124560665665,0.48418983050495396,0.3925148732216284,0.3119467934025314,0.34135317244582764,0.25760133883289726,0.31792019850892783,0.00693262341767668
TPK1_HUMAN_Weile_2017_with_scoresandembeddings_allyears.csv,0.23866923400282578,0.24561378869146358,0.20944152518316786,0.2278957885491089,0.2421612327440143,0.22476931110871332,0.23211408802490624,0.2551425817267537,0.21854951598314595,0.21815200059641474,0.24191158052356407,0.23954505762020267,0.25372298010671696,0.23827352096082055,-0.0037674929676878503
TPMT_HUMAN_Matreyek_2018_with_scoresandembeddings_allyears.csv,0.4683740093961001,0.4498647382624517,0.4730856732792212,0.48523018058439965,0.4579567488205855,0.4935305419752218,0.47943344621371164,0.4817185259013497,0.46886310504519035,0.43421893927205296,0.4771338340747092,0.41533289122061245,0.45756452573825734,0.4819995513496456,0.004455116128324177
TPOR_HUMAN_Bridgford_2020_with_scoresandembeddings_allyears.csv,,,,,,,,,,,,,,,0.0031976448319411994
TRPC_SACS2_Chan_2017_with_scoresandembeddings_allyears.csv,0.5104489678196318,0.5388939050809868,0.48587872427323364,0.5352553108359368,0.4989112994467607,0.5611100884179128,0.45506821441061795,0.5176273192588967,0.5246584380014258,0.4709169524222638,0.530391497727097,0.5776313022999902,0.5574242151120617,0.5269395446405579,-0.01604391370079351
TRPC_THEMA_Chan_2017_with_scoresandembeddings_allyears.csv,0.5066874587750125,0.4899813771843394,0.5019454079568095,0.4914388383028409,0.4665569750866071,0.48863250950013837,0.4573331556941444,0.4763848098176865,0.46502572901092615,0.45894802724266004,0.5041518535373147,0.4852427064894033,0.4725896244108943,0.4887655775357828,0.018709675701381417
UBC9_HUMAN_Weile_2017_with_scoresandembeddings_allyears.csv,0.42373915053738237,0.41958526303129773,0.4076377514233728,0.4074120500576028,0.3985079643946102,0.46119817216861103,0.47964098783138814,0.4411640502824767,0.4561147703191831,0.48347127279336416,0.46358346542951107,0.4447854766157454,0.4467284954928074,0.4456505594206501,-0.030777259010659416
UBE4B_HUMAN_Tsuboyama_2023_3L1X_with_scoresandembeddings_allyears.csv,0.3376799393666089,0.2665981660501256,0.31561151932324877,0.34070917480460106,0.35845669929157503,0.3269733455013342,0.29528497230332396,0.42125363480075445,0.26472832642290195,0.2860488094013824,0.30776458012152735,0.3245415277327376,0.39536584289135074,0.3205517437003571,-0.0023537334655774405
UBE4B_MOUSE_Starita_2013_with_scoresandembeddings_allyears.csv,,,,,,,,,,,,,,,0.03404568215124769
UBR5_HUMAN_Tsuboyama_2023_1I2T_with_scoresandembeddings_allyears.csv,0.3682231332289193,0.3391963023266821,0.1862314934908825,0.0409242187484979,0.24402886685578182,0.28134086700505884,0.14751193175413435,0.29242667265532507,0.2655956775412917,0.4045312141631288,0.2920924367043037,0.24230749142555355,0.23943978186057313,0.22974860634800653,-0.006905654595759651
VG08_BPP22_Tsuboyama_2023_2GP8_with_scoresandembeddings_allyears.csv,0.43423403846059816,0.37219118774338084,0.30635060967420136,0.24876198476413017,0.45055991291393677,0.40403891972791833,0.3291719641756832,0.3156083619029971,0.4872745159911479,0.514281222778858,0.3532615139179514,0.451373014409476,0.3543970504943075,0.33092455295529655,-0.017717869630126178
VILI_CHICK_Tsuboyama_2023_1YU5_with_scoresandembeddings_allyears.csv,0.4309090678605252,0.010633710000990669,0.10056991127508928,0.32001809467656644,0.2039181763751725,0.299647654834966,0.3083274483674056,0.13214534683910753,0.35642096233760046,-0.1736147945421705,-0.23427973074747016,0.07755185768482648,0.013947775717272308,0.19178727820542243,-0.021345323275202253
VKOR1_HUMAN_Chiasson_2020_abundance_with_scoresandembeddings_allyears.csv,0.42811746444462123,0.46191998106440146,0.3808444978601743,0.4829399428949186,0.4572800414103845,0.31194174734699415,0.5114170196661977,0.46115024069286503,0.42150349050014285,0.440936157119648,0.38489331092727996,0.4306119125988159,0.46566124778627793,0.3188274433948471,-0.009553659349446889
VKOR1_HUMAN_Chiasson_2020_activity_with_scoresandembeddings_allyears.csv,0.3786825662673204,0.3658029735151586,0.20734040126373837,0.300622195145299,0.27121746382478623,0.17680090745011792,0.2867047617186733,0.28186303814512,0.25444614446476616,0.18512834655815805,0.2142875052329849,0.3354930357829352,0.27466409384918333,0.22821079739254244,-0.005252076978417966
VRPI_BPT7_Tsuboyama_2023_2WNM_with_scoresandembeddings_allyears.csv,0.19275048167479356,0.21601983017309032,0.201800857177903,0.3213352024492665,0.11514228824089838,0.20449483277454372,0.18967359139859133,0.2248330713992901,0.27286428438883686,0.18584898680889497,0.22568687690564948,-0.013975679970445447,0.0659455298455519,0.1670924184509438,-0.026769970286106788
YAIA_ECOLI_Tsuboyama_2023_2KVT_with_scoresandembeddings_allyears.csv,-0.08587398844649678,-0.1020867909796359,0.1114334747951043,-0.04609019425289519,0.2432775829231705,0.18665362207537997,-0.016704694454100843,-0.10291868473191311,-0.1573286641558888,-0.13675621731567708,0.13047316120145297,0.21777949926400614,0.15930826826842867,-0.10765736398866084,-0.008093592670783842
YAP1_HUMAN_Araya_2012_with_scoresandembeddings_allyears.csv,0.37298365727163996,0.40991805479360155,0.3609125926102943,0.3903565834009505,0.45032046066681136,0.39107748681590065,0.3192707139696147,0.2821321411697012,0.2927742864960744,0.22471898392627843,0.23215042958451534,0.18331413027954852,0.1808102453934454,0.22156656286779547,-0.007703152266370009
YNZC_BACSU_Tsuboyama_2023_2JVD_with_scoresandembeddings_allyears.csv,0.29734930653238667,0.5436404030577667,0.4903822131897008,0.6401324165484796,0.5436049852210002,0.45611675754652276,0.6174337090328045,0.41259454563004894,0.571645693920433,0.5147412079764118,0.5457095748894992,0.5455958062387722,0.5516692644726973,0.5401381264024085,-0.02536487140126606
